feature_a,feature_b,nan_rate_a,nan_rate_b,both_ok_pct,a_nan_only_pct,b_nan_only_pct,both_nan_pct,cramers_v,mi_norm,naive_ba,pattern_targets
water_intake,gender,0.06300210987584193,0.030971412341614404,0.9060264777825436,0.06300210987584193,0.030971412341614404,0.0,0.0026652919124382874,1.403619208741432e-05,0.3333333333333333,"{'both-OK': {0: 0.8589369168220742, 1: 0.057720420064039615, 2: 0.08334266311388623}, 'water_-NaN': {0: 0.8550957977781356, 1: 0.058053683556823145, 2: 0.08685051866504129}, 'gender-NaN': {0: 0.8582791372292145, 1: 0.05567772423150704, 2: 0.08604313853927853}}"
water_intake,smoking_alcohol,0.06300210987584193,0.04141790612211776,0.8981782033595715,0.06040389051831071,0.038819686764586546,0.0025982193575312135,0.0025702128163337737,1.2980198527479759e-05,0.3333333333333333,"{'both-OK': {0: 0.8589869349587462, 1: 0.057669782615008824, 2: 0.08334328242624496}, 'water_-NaN': {0: 0.8553161884655983, 1: 0.0578159485653968, 2: 0.0868678629690049}, 'smokin-NaN': {0: 0.8572548434058755, 1: 0.05726230915674344, 2: 0.08548284743738102}, 'both-NaN': {0: 0.8499721137757947, 1: 0.06358059118795314, 2: 0.08644729503625209}}"
water_intake,sleep_quality,0.06300210987584193,0.0845269009169845,0.8578021933434576,0.057670905739557854,0.07919569678070043,0.005331204136284068,0.0025024373988641584,1.2360327814918626e-05,0.3333333333333333,"{'both-OK': {0: 0.8588398858704741, 1: 0.05759858368569445, 2: 0.08356153044383141}, 'water_-NaN': {0: 0.8548168249660787, 1: 0.05811849841700588, 2: 0.08706467661691543}, 'sleep_-NaN': {0: 0.859730659445217, 1: 0.05824123545341433, 2: 0.08202810510136865}, 'both-NaN': {0: 0.8581136178309323, 1: 0.05735254145148138, 2: 0.0845338407175863}}"
water_intake,physical_activity_level,0.06300210987584193,0.05306714505976049,0.8871911988036308,0.059741656136608666,0.04980669132052724,0.003260453739233257,0.0025051882150719912,1.2306156441971264e-05,0.3333333333333333,"{'both-OK': {0: 0.8588560041813668, 1: 0.05770286162289298, 2: 0.08344113419574023}, 'water_-NaN': {0: 0.855313265578383, 1: 0.057729158076018146, 2: 0.08695757634559875}, 'physic-NaN': {0: 0.8599691600477146, 1: 0.05676296878182188, 2: 0.08326787117046347}, 'both-NaN': {0: 0.8511111111111112, 1: 0.064, 2: 0.08488888888888889}}"
sleep_quality,gender,0.0845269009169845,0.030971412341614404,0.8870854151934247,0.081943172464961,0.028387683889590894,0.00258372845202351,0.0024796023809444505,1.2203794257362867e-05,0.3333333333333333,"{'both-OK': {0: 0.858594141794641, 1: 0.05771954384996251, 2: 0.08368631435539649}, 'sleep_-NaN': {0: 0.8596944189007569, 1: 0.05798613567234916, 2: 0.08231944542689397}, 'gender-NaN': {0: 0.8583460949464012, 1: 0.05487493619193466, 2: 0.08677896886166411}, 'both-NaN': {0: 0.857543466068424, 1: 0.06449803701626472, 2: 0.07795849691531127}}"
sleep_duration,water_intake,0.1101294327679948,0.06300210987584193,0.8338893010746455,0.10310858904951252,0.05598126615735964,0.00702084371848228,0.0023630369951250984,1.097312911815408e-05,0.3333333333333333,"{'both-OK': {0: 0.8588165579704479, 1: 0.05768806357382046, 2: 0.08349537845573171}, 'sleep_-NaN': {0: 0.859712735756247, 1: 0.05736852460859544, 2: 0.08291873963515754}, 'water_-NaN': {0: 0.8552754193414785, 1: 0.058241872023193204, 2: 0.08648270863532823}, 'both-NaN': {0: 0.8536635706914345, 1: 0.0565531475748194, 2: 0.08978328173374613}}"
calorie_expenditure,water_intake,0.07658878287986459,0.06300210987584193,0.8653302187547095,0.07166767136944853,0.05808099836542586,0.004921111510416063,0.002280031385737838,1.0209608062538421e-05,0.3333333333333333,"{'both-OK': {0: 0.8589559812041785, 1: 0.057621652036158176, 2: 0.08342236675966333}, 'calori-NaN': {0: 0.8584224680025072, 1: 0.05803020805952646, 2: 0.08354732393796631}, 'water_-NaN': {0: 0.8553179810882962, 1: 0.058107332651380954, 2: 0.08657468626032284}, 'both-NaN': {0: 0.8524734982332155, 1: 0.05742049469964664, 2: 0.09010600706713781}}"
water_intake,stress_level,0.06300210987584193,0.12000063759984234,0.8247151087977186,0.05528425360243911,0.11228278132643953,0.007717856273402812,0.0021932453035025242,9.468192306625032e-06,0.3333333333333333,"{'both-OK': {0: 0.8588748361522756, 1: 0.05767791315104213, 2: 0.08344725069668228}, 'water_-NaN': {0: 0.8551020943094545, 1: 0.058137401378731884, 2: 0.08676050431181358}, 'stress-NaN': {0: 0.8592114602826354, 1: 0.05746918758469381, 2: 0.08331935213267085}, 'both-NaN': {0: 0.8550506947052197, 1: 0.05745399924896733, 2: 0.08749530604581299}}"
sleep_duration,calorie_expenditure,0.1101294327679948,0.07658878287986459,0.8218763404087595,0.10153487671137594,0.06799422682324573,0.008594556056618866,0.0021517120067526922,9.3581226195547e-06,0.3333333333333333,"{'both-OK': {0: 0.8587470709685154, 1: 0.05764263435637123, 2: 0.08361029467511333}, 'sleep_-NaN': {0: 0.8585659644916367, 1: 0.0577296340697608, 2: 0.0837044014386025}, 'calori-NaN': {0: 0.8567409743830187, 1: 0.05869315033459784, 2: 0.08456587528238353}, 'both-NaN': {0: 0.8683190018546619, 1: 0.052436351374135895, 2: 0.07924464677120216}}"
sleep_duration,sleep_quality,0.1101294327679948,0.0845269009169845,0.8146221931116031,0.1760992800918144,0.1760992800918144,0.009278526796582465,0.0021542104576142557,9.071362541074669e-06,0.3333333333333333,"{'both-OK': {0: 0.8584213419287358, 1: 0.05773968667339072, 2: 0.08383897139787357}, 'sleep_-NaN': {0: 0.8604606378061932, 1: 0.05754121090741026, 2: 0.08199815128639655}, 'both-NaN': {0: 0.8528814618147743, 1: 0.06340777760424801, 2: 0.08371076058097766}}"
calorie_expenditure,sleep_quality,0.07658878287986459,0.0845269009169845,0.845218291000568,0.07025480808244745,0.07819292611956737,0.006333974797417141,0.0020530435835339664,8.533028543988004e-06,0.3333333333333333,"{'both-OK': {0: 0.8587047276156187, 1: 0.05759033046161759, 2: 0.0837049419227637}, 'calori-NaN': {0: 0.8571634833546471, 1: 0.05812466482405841, 2: 0.0847118518212945}, 'sleep_-NaN': {0: 0.8589696071163825, 1: 0.05832097850259452, 2: 0.08270941438102299}, 'both-NaN': {0: 0.8677648135438115, 1: 0.0565088080530771, 2: 0.07572637840311142}}"
stress_level,sleep_quality,0.12000063759984234,0.0845269009169845,0.805663915326741,0.10980918375627456,0.07433544707341673,0.010191453843567776,0.0020180523262455217,8.268137420009518e-06,0.3333333333333333,"{'both-OK': {0: 0.8586259552968727, 1: 0.0576532566877526, 2: 0.08372078801537468}, 'stress-NaN': {0: 0.8582966032357676, 1: 0.05747050595159545, 2: 0.0842328908126369}, 'sleep_-NaN': {0: 0.8587664236422473, 1: 0.05828687278256462, 2: 0.08294670357518812}, 'both-NaN': {0: 0.8659178160102374, 1: 0.05744348073368406, 2: 0.07663870325607848}}"
sleep_duration,gender,0.1101294327679948,0.030971412341614404,0.8622465540626703,0.10678203359571532,0.027624013169334924,0.0033473991722794776,0.001957154421760032,7.631844703732148e-06,0.3333333333333333,"{'both-OK': {0: 0.8585893725652325, 1: 0.05781091918672461, 2: 0.08359970824804294}, 'sleep_-NaN': {0: 0.8594769911384331, 1: 0.057186282891612046, 2: 0.08333672596995481}, 'gender-NaN': {0: 0.8587315742537901, 1: 0.05497560719718827, 2: 0.08629281854902167}, 'both-NaN': {0: 0.8545454545454545, 1: 0.06147186147186147, 2: 0.08398268398268398}}"
calorie_expenditure,gender,0.07658878287986459,0.030971412341614404,0.8948003732857259,0.07422821437265972,0.028610843834409524,0.0023605685072048783,0.0018902409352071288,7.109236253184181e-06,0.3333333333333333,"{'both-OK': {0: 0.8587412610062333, 1: 0.057730396070550014, 2: 0.08352834292321669}, 'calori-NaN': {0: 0.858035295955021, 1: 0.05788302358269561, 2: 0.0840816804622833}, 'gender-NaN': {0: 0.8582860615883307, 1: 0.055206645056726095, 2: 0.08650729335494327}, 'both-NaN': {0: 0.858195211786372, 1: 0.061387354205033766, 2: 0.08041743400859423}}"
sleep_quality,smoking_alcohol,0.0845269009169845,0.04141790612211776,0.8774909866567742,0.08109110722110803,0.03798211242624129,0.003435793695876468,0.0018859233363932402,7.035346534533036e-06,0.3333333333333333,"{'both-OK': {0: 0.8586432740039568, 1: 0.057630634171475, 2: 0.08372609182456824}, 'sleep_-NaN': {0: 0.8599714081486777, 1: 0.05820228734810579, 2: 0.08182630450321658}, 'smokin-NaN': {0: 0.8572736637289687, 1: 0.057647552554271106, 2: 0.08507878371676014}, 'both-NaN': {0: 0.8515394348376213, 1: 0.05778152678194855, 2: 0.0906790383804302}}"
smoking_alcohol,gender,0.04141790612211776,0.030971412341614404,0.9288829830398442,0.0401456046185414,0.029699110838038046,0.0012723015035763555,0.0018557894474639587,6.837798796724444e-06,0.3333333333333333,"{'both-OK': {0: 0.8587730943774756, 1: 0.05774471888937943, 2: 0.08348218673314499}, 'smokin-NaN': {0: 0.8566993935893734, 1: 0.05768120127057465, 2: 0.08561940514005198}, 'gender-NaN': {0: 0.8582093193461819, 1: 0.055623322761649184, 2: 0.08616735789216882}, 'both-NaN': {0: 0.8599088838268792, 1: 0.05694760820045558, 2: 0.08314350797266515}}"
calorie_expenditure,physical_activity_level,0.07658878287986459,0.05306714505976049,0.8743508074332549,0.07258204750698462,0.04906040968688052,0.00400673537287998,0.0017878574530688467,6.575596492023839e-06,0.3333333333333333,"{'both-OK': {0: 0.85870572227406, 1: 0.0576420458782954, 2: 0.08365223184764468}, 'calori-NaN': {0: 0.8577503593675132, 1: 0.0584571154767609, 2: 0.08379252515572592}, 'physic-NaN': {0: 0.8591091682419659, 1: 0.057833175803402644, 2: 0.08305765595463138}, 'both-NaN': {0: 0.8632911392405064, 1: 0.04954792043399638, 2: 0.08716094032549729}}"
sleep_quality,physical_activity_level,0.0845269009169845,0.05306714505976049,0.8670140619747047,0.07991879296553484,0.04845903710831082,0.00460810795144967,0.001801410162953829,6.542001344002953e-06,0.3333333333333333,"{'both-OK': {0: 0.8585596908656964, 1: 0.05762841040520394, 2: 0.08381189872909968}, 'sleep_-NaN': {0: 0.8594223132853439, 1: 0.05853021704048884, 2: 0.08204746967416729}, 'physic-NaN': {0: 0.8590652193415269, 1: 0.05768368170808289, 2: 0.08325109895039023}, 'both-NaN': {0: 0.8632075471698113, 1: 0.05220125786163522, 2: 0.08459119496855345}}"
sleep_duration,smoking_alcohol,0.1101294327679948,0.04141790612211776,0.8529709254471893,0.1056111684306929,0.03689964178481585,0.00451826433730191,0.0017879044955447976,6.407646611052539e-06,0.3333333333333333,"{'both-OK': {0: 0.8587232958165215, 1: 0.05769717562115099, 2: 0.08357952856232746}, 'sleep_-NaN': {0: 0.8590167533376326, 1: 0.057532141436039574, 2: 0.08345110522632784}, 'smokin-NaN': {0: 0.8556000628338046, 1: 0.058317624882186614, 2: 0.0860823122840088}, 'both-NaN': {0: 0.8665811417575369, 1: 0.052277100705580504, 2: 0.08114175753688262}}"
physical_activity_level,gender,0.05306714505976049,0.030971412341614404,0.9175293585745586,0.05149922908382699,0.0294034963656809,0.0015679159759335042,0.0017734889782769917,6.260164000708866e-06,0.3333333333333333,"{'both-OK': {0: 0.8586301439094344, 1: 0.05778014327769846, 2: 0.0835897128128672}, 'physic-NaN': {0: 0.8597034244069895, 1: 0.05706407045780692, 2: 0.08323250513520358}, 'gender-NaN': {0: 0.8587058301710118, 1: 0.05534473411857474, 2: 0.08594943571041348}, 'both-NaN': {0: 0.8502772643253235, 1: 0.06192236598890943, 2: 0.0878003696857671}}"
sleep_duration,physical_activity_level,0.1101294327679948,0.05306714505976049,0.8425983352847752,0.10433451965546423,0.04727223194722992,0.005794913112530576,0.0017291732447127593,6.119735247381334e-06,0.3333333333333333,"{'both-OK': {0: 0.8585663502829911, 1: 0.05770920791721628, 2: 0.08372444179979259}, 'sleep_-NaN': {0: 0.8591666666666666, 1: 0.057666666666666665, 2: 0.08316666666666667}, 'physic-NaN': {0: 0.8590828275396971, 1: 0.05796701612408804, 2: 0.08295015633621483}, 'both-NaN': {0: 0.8622155538884722, 1: 0.05101275318829707, 2: 0.08677169292323081}}"
sleep_duration,stress_level,0.1101294327679948,0.12000063759984234,0.7829305827662559,0.09706877963390176,0.1069399844657493,0.013060653134093042,0.001735268103793211,5.952198284240339e-06,0.3333333333333333,"{'both-OK': {0: 0.8584633095868708, 1: 0.05781514035954698, 2: 0.08372155005358224}, 'sleep_-NaN': {0: 0.8600453826172633, 1: 0.05683277102678171, 2: 0.08312184635595497}, 'stress-NaN': {0: 0.8595490392693569, 1: 0.05704761646657091, 2: 0.0834033442640722}, 'both-NaN': {0: 0.853988683013425, 1: 0.060912015976922224, 2: 0.08509930100965273}}"
stress_level,gender,0.12000063759984234,0.030971412341614404,0.852676760065383,0.11635182759300264,0.027322602334774695,0.0036488100068397073,0.001705031941237185,5.745236773302498e-06,0.3333333333333333,"{'both-OK': {0: 0.8586269717991509, 1: 0.057774862258719084, 2: 0.08359816594212997}, 'stress-NaN': {0: 0.8591284420808788, 1: 0.057501899293836325, 2: 0.08336965862528489}, 'gender-NaN': {0: 0.8589763988332008, 1: 0.05558207372049854, 2: 0.08544152744630072}, 'both-NaN': {0: 0.8530579825258141, 1: 0.056393963463065924, 2: 0.09054805401111994}}"
stress_level,smoking_alcohol,0.12000063759984234,0.04141790612211776,0.8434924241546006,0.11508966972328166,0.03650693824555709,0.004910967876560671,0.001579019150445621,4.928173288643868e-06,0.3333333333333333,"{'both-OK': {0: 0.8587145497900647, 1: 0.05768583228537462, 2: 0.08359961792456072}, 'stress-NaN': {0: 0.8590566845458437, 1: 0.05762886857545768, 2: 0.0833144468786986}, 'smokin-NaN': {0: 0.8568650021831461, 1: 0.05819076727662446, 2: 0.08494423054022943}, 'both-NaN': {0: 0.8562997934493951, 1: 0.05370315727353202, 2: 0.08999704927707289}}"
calorie_expenditure,smoking_alcohol,0.07658878287986459,0.04141790612211776,0.8850842211428108,0.07349787273507147,0.038326995977324634,0.0030909101447931277,0.0012646761698547147,3.153220174302725e-06,0.3333333333333333,"{'both-OK': {0: 0.8588081586676839, 1: 0.057663404203763674, 2: 0.08352843712855239}, 'calori-NaN': {0: 0.8581230283911672, 1: 0.05786671924290221, 2: 0.0840102523659306}, 'smokin-NaN': {0: 0.856856591931642, 1: 0.05739347423343037, 2: 0.0857499338349276}, 'both-NaN': {0: 0.8560712611345522, 1: 0.06094702297233943, 2: 0.0829817158931083}}"
calorie_expenditure,stress_level,0.07658878287986459,0.12000063759984234,0.8126456336003525,0.06735372879980524,0.11076558351978298,0.009235054080059354,0.001203795516623566,2.8500338787055574e-06,0.3333333333333333,"{'both-OK': {0: 0.8586583023803622, 1: 0.05766792618362794, 2: 0.08367377143600982}, 'calori-NaN': {0: 0.8583907056798623, 1: 0.05817555938037866, 2: 0.08343373493975903}, 'stress-NaN': {0: 0.859232319003637, 1: 0.05753682723252832, 2: 0.08323085376383474}, 'both-NaN': {0: 0.855484073434803, 1: 0.05664522203044092, 2: 0.087870704534756}}"
physical_activity_level,smoking_alcohol,0.05306714505976049,0.04141790612211776,0.907671195557668,0.05091089832021423,0.0392616593825715,0.0021562467395462607,0.0011694471934302962,2.7052708032553472e-06,0.3333333333333333,"{'both-OK': {0: 0.8587119815189991, 1: 0.05770044366535595, 2: 0.083587574815645}, 'physic-NaN': {0: 0.8595337716676629, 1: 0.057296558790880366, 2: 0.08316966954145676}, 'smokin-NaN': {0: 0.8567948623311434, 1: 0.057798774636450875, 2: 0.0854063630324057}, 'both-NaN': {0: 0.8568548387096774, 1: 0.05510752688172043, 2: 0.08803763440860216}}"
stress_level,physical_activity_level,0.12000063759984234,0.05306714505976049,0.8334603702716176,0.11347248466862198,0.04653899212854013,0.006528152931220366,0.0006033517866850901,7.239800897415364e-07,0.3333333333333333,"{'both-OK': {0: 0.8585822056780623, 1: 0.05773339986542898, 2: 0.0836843944565087}, 'stress-NaN': {0: 0.8590018644803719, 1: 0.05749240160396393, 2: 0.0835057339156642}, 'physic-NaN': {0: 0.8596338273757629, 1: 0.05723004110100884, 2: 0.0831361315232283}, 'both-NaN': {0: 0.8579356270810211, 1: 0.057047724750277466, 2: 0.08501664816870144}}"
